FID,省份,贫困县名,X,Y,地址类型,脱贫时间
0,安徽,砀山县,116.360406,34.443554,区县,2019年4月29日正式退出
1,安徽,阜南县,115.5907159,32.66044559,区县,2020年4月29日正式退出
2,安徽,霍邱县,116.2727635,32.35509946,区县,2020年4月29日正式退出
3,安徽,金寨县,115.928898,31.72937673,区县,2020年4月29日正式退出
4,安徽,利辛县,116.1795981,33.15117522,区县,2019年4月29日正式退出
5,安徽,临泉县,115.2554418,33.0421347,区县,2020年4月29日正式退出
6,安徽,灵璧县,117.5524648,33.54374142,区县,2019年4月29日正式退出
7,安徽,潜山市,116.5761419,30.63369252,区县,2019年4月29日正式退出
8,安徽,石台县,117.4805553,30.21265397,区县,2020年4月29日正式退出
9,安徽,寿县,116.7937366,32.55781923,区县,2019年4月29日正式退出
10,安徽,舒城县,116.9438679,31.46414473,区县,2019年4月29日正式退出
11,安徽,泗县,117.904603,33.48469649,区县,2019年4月29日正式退出
12,安徽,宿松县,116.1237357,30.15615171,区县,2019年4月29日正式退出
13,安徽,太湖县,116.3038848,30.45651863,区县,2020年4月29日正式退出
14,安徽,望江县,116.6890077,30.12686467,区县,2020年4月29日正式退出
15,安徽,萧县,116.9416201,34.1900629,区县,2020年4月29日正式退出
16,安徽,颍东区,115.8517377,32.91376185,区县,2020年4月29日正式退出
17,安徽,颍上县,116.2517466,32.65495066,区县,2019年4月29日正式退出
18,安徽,裕安区,116.4747836,31.73974769,区县,2019年4月29日正式退出
19,安徽,岳西县,116.3547526,30.85155509,区县,2018年8月17日正式退出
20,甘肃,安定区,104.6073616,35.58015743,区县,2020年3月3日正式退出
21,甘肃,成县,105.7381003,33.75212666,区县,2019年4月29日正式退出
22,甘肃,宕昌县,104.3901726,34.04860082,区县,2020年11月21日正式退出
23,甘肃,迭部县,103.2198376,34.05748515,区县,2019年4月29日正式退出
24,甘肃,东乡县,116.5983327,28.2515913,区县,2020年11月21日正式退出
25,甘肃,甘谷县,105.3321939,34.73327022,区县,2019年4月29日正式退出
26,甘肃,皋兰县,103.9446023,36.33239145,区县,2018年10月10日正式退出
27,甘肃,古浪县,102.8951836,37.46983095,区县,2020年3月3日正式退出
28,甘肃,广河县,103.5737887,35.48852661,区县,2020年3月3日正式退出
29,甘肃,合水县,108.0150823,35.81924222,区县,2020年3月3日正式退出
30,甘肃,合作市,102.9092768,35.00131874,区县,2018年10月10日正式退出
31,甘肃,和政县,103.3485336,35.42496945,区县,2020年3月3日正式退出
32,甘肃,华池县,107.9851253,36.46135496,区县,2020年3月3日正式退出
33,甘肃,环县,107.3030159,36.56832874,区县,2020年3月3日正式退出
34,甘肃,徽县,103.3864421,35.66376977,区县,2019年4月29日正式退出
35,甘肃,会宁县,105.0494285,35.69296934,区县,2020年3月3日正式退出
36,甘肃,积石山县,102.8742577,35.71810799,区县,2020年3月3日正式退出
37,甘肃,泾川县,107.3629676,35.33304726,区县,2019年4月29日正式退出
38,甘肃,景泰县,104.0601596,37.1807906,区县,2019年4月29日正式退出
39,甘肃,靖远县,104.6731201,36.57132431,区县,2020年3月3日正式退出
40,甘肃,静宁县,105.7279862,35.52239584,区县,2020年3月3日正式退出
41,甘肃,康乐县,103.706571,35.37067377,区县,2020年3月3日正式退出
42,甘肃,康县,105.6054119,33.33108762,区县,2020年3月3日正式退出
43,甘肃,崆峒区,106.6707467,35.54294761,区县,2018年10月10日正式退出
44,甘肃,礼县,105.1734393,34.1904478,区县,2020年11月21日正式退出
45,甘肃,两当县,106.3008805,33.91042876,区县,2018年10月10日正式退出
46,甘肃,临潭县,103.3515621,34.69380988,区县,2020年3月3日正式退出
47,甘肃,临洮县,103.8566783,35.39556947,区县,2020年3月3日正式退出
48,甘肃,临夏市,103.2407659,35.60448523,区县,2018年10月10日正式退出
49,甘肃,临夏县,103.2407659,35.60448523,区县,2020年11月21日正式退出
50,甘肃,灵台县,107.6163453,35.06635311,区县,2019年4月29日正式退出
51,甘肃,陇西县,104.6323386,35.00496076,区县,2020年3月3日正式退出
52,甘肃,碌曲县,102.4862337,34.5921176,区县,2019年4月29日正式退出
53,甘肃,玛曲县,102.0700464,33.99906154,区县,2019年4月29日正式退出
54,甘肃,麦积区,105.8852115,34.57209373,区县,2020年3月3日正式退出
55,甘肃,岷县,104.0343817,34.43943185,区县,2020年11月21日正式退出
56,甘肃,宁县,107.9233599,35.50273281,区县,2020年3月3日正式退出
57,甘肃,秦安县,105.6711605,34.86022957,区县,2020年3月3日正式退出
58,甘肃,清水县,106.1327371,34.74919332,区县,2020年3月3日正式退出
59,甘肃,庆城县,107.8773111,36.01572968,区县,2020年3月3日正式退出
60,甘肃,天祝县,103.1395962,36.97155803,区县,2020年3月3日正式退出
61,甘肃,通渭县,105.2383966,35.21156679,区县,2020年11月21日正式退出
62,甘肃,渭源县,104.2123951,35.13744202,区县,2020年3月3日正式退出
63,甘肃,文县,104.6802966,32.94595387,区县,2020年3月3日正式退出
64,甘肃,武都区,104.9231082,33.39425527,区县,2020年3月3日正式退出
65,甘肃,武山县,104.8880911,34.72277954,区县,2019年4月29日正式退出
66,甘肃,西和县,105.2973556,34.01263092,区县,2020年11月21日正式退出
67,甘肃,夏河县,102.5203245,35.20329027,区县,2019年4月29日正式退出
68,甘肃,永登县,103.2576969,36.73636439,区县,2019年4月29日正式退出
69,甘肃,永靖县,103.2836897,35.95763046,区县,2020年3月3日正式退出
70,甘肃,榆中县,104.110196,35.84318857,区县,2019年4月29日正式退出
71,甘肃,张家川县,106.2008492,34.98945399,区县,2020年3月3日正式退出
72,甘肃,漳县,104.4691987,34.84949266,区县,2020年3月3日正式退出
73,甘肃,镇原县,107.1961742,35.67763291,区县,2020年11月21日正式退出
74,甘肃,正宁县,108.355078,35.4921106,区县,2018年10月10日正式退出
75,甘肃,舟曲县,104.3682213,33.78627527,区县,2020年3月3日正式退出
76,甘肃,庄浪县,106.0317884,35.20295795,区县,2020年3月3日正式退出
77,甘肃,卓尼县,103.5046766,34.59055848,区县,2019年4月29日正式退出
78,广西,巴马瑶族自治县,107.2559661,24.1439199,区县,2020年5月11日正式退出
79,广西,大化瑶族自治县,107.9939779,23.73916698,区县,2020年11月20日正式退出
80,广西,大新县,107.1970221,22.83320896,区县,2019年4月24日正式退出
81,广西,德保县,106.6116206,23.32614801,区县,2020年5月11日正式退出
82,广西,东兰县,107.3697142,24.51356154,区县,2020年5月11日正式退出
83,广西,都安瑶族自治县,108.1007927,23.93364198,区县,2020年11月20日正式退出
84,广西,凤山县,107.0379521,24.54972106,区县,2020年5月11日正式退出
85,广西,富川县,111.2728059,24.81718192,区县,2019年4月24日正式退出
86,广西,环江毛南族自治县,108.2570525,24.82773503,政府机构,2020年5月11日正式退出
87,广西,金秀县,110.1844616,24.13302914,区县,2019年4月24日正式退出
88,广西,靖西县,106.4143311,23.13655295,区县,2020年5月11日正式退出
89,广西,乐业县,106.5535484,24.77999205,区县,2020年11月20日正式退出
90,广西,凌云县,106.5585755,24.35075899,区县,2020年5月11日正式退出
91,广西,龙胜县,108.3239966,22.81805267,省份,2019年4月24日正式退出
92,广西,龙州县,106.8504742,22.34564643,区县,2018年8月17日正式退出
93,广西,隆安县,107.6919868,23.16866003,区县,2020年5月11日正式退出
94,广西,隆林各族自治县,105.3407303,24.77343265,区县,2020年11月20日正式退出
95,广西,罗城仫佬族自治县,108.9010449,24.78050637,区县,2020年11月20日正式退出
96,广西,马山县,108.1729319,23.71076791,区县,2020年5月11日正式退出
97,广西,那坡县,105.8297571,23.39026594,区县,2020年11月20日正式退出
98,广西,宁明县,107.0729893,22.14266483,区县,2019年4月24日正式退出
99,广西,融安县,109.3933406,25.22738629,区县,2020年5月11日正式退出
100,广西,融水苗族自治县,109.2516192,25.06928322,区县,2020年11月20日正式退出
101,广西,三江侗族自治县,109.6036502,25.78632796,区县,2020年11月20日正式退出
102,广西,上林县,108.6012457,23.43501671,区县,2020年5月11日正式退出
103,广西,天等县,107.1389313,23.08390178,区县,2020年5月11日正式退出
104,广西,田东县,107.12189,23.59967398,区县,2019年4月24日正式退出
105,广西,田林县,106.2245145,24.29738008,区县,2020年5月11日正式退出
106,广西,田阳县,106.9114083,23.73855172,区县,2019年4月24日正式退出
107,广西,西林县,105.0909374,24.49236445,区县,2019年4月24日正式退出
108,广西,忻城县,108.6621083,24.06908276,区县,2020年5月11日正式退出
109,广西,昭平县,110.8063149,24.17226511,区县,2020年5月11日正式退出
110,广西,资源县,110.6473897,26.04563773,区县,2019年4月24日正式退出
111,贵州,安龙县,105.439604,25.10086896,区县,2019年4月24日正式退出
112,贵州,碧江区,109.1764109,27.69385296,区县,2018年9月21日正式退出
113,贵州,册亨县,104.9098345,25.09578503,餐饮,2020年3月3日正式退出
114,贵州,岑巩县,108.8118285,27.17725619,区县,2020年3月3日正式退出
115,贵州,长顺县,106.4482256,26.02530628,区县,2020年3月3日正式退出
116,贵州,赤水市,104.9035338,25.09100897,城市,2017年11月1日正式退出
117,贵州,从江县,108.9009899,25.75741887,区县,2020年11月22日正式退出
118,贵州,大方县,105.608755,27.14441095,区县,2019年4月24日正式退出
119,贵州,丹寨县,107.7848083,26.20176656,区县,2019年4月24日正式退出
120,贵州,道真县,106.7131597,26.86818194,村庄,2019年4月24日正式退出
121,贵州,德江县,108.1155474,28.26733629,区县,2020年3月3日正式退出
122,贵州,独山县,107.5409224,25.82541389,区县,2020年3月3日正式退出
123,贵州,凤冈县,107.7126817,27.95830658,区县,2018年9月21日正式退出
124,贵州,关岭县,104.9035338,25.09100897,城市,2020年3月3日正式退出
125,贵州,贵定县,107.2298402,26.5883875,区县,2019年4月24日正式退出
126,贵州,赫章县,104.9035338,25.09100897,城市,2020年11月22日正式退出
127,贵州,黄平县,104.9035338,25.09100897,城市,2020年3月3日正式退出
128,贵州,惠水县,106.6533957,26.13553226,区县,2019年4月24日正式退出
129,贵州,剑河县,108.4367172,26.73153272,区县,2020年3月3日正式退出
130,贵州,江口县,108.8348323,27.70304891,区县,2018年9月21日正式退出
131,贵州,锦屏县,104.9035338,25.09100897,城市,2020年3月3日正式退出
132,贵州,雷山县,108.073652,26.38165127,区县,2019年4月24日正式退出
133,贵州,黎平县,104.9035338,25.09100897,城市,2020年3月3日正式退出
134,贵州,荔波县,104.9035338,25.09100897,城市,2020年3月3日正式退出
135,贵州,六枝特区,105.473612,26.21620507,区县,2019年4月24日正式退出
136,贵州,龙里县,106.9760853,26.45692626,区县,2018年9月21日正式退出
137,贵州,罗甸县,106.748238,25.42801818,区县,2020年3月3日正式退出
138,贵州,麻江县,107.5849471,26.49475411,区县,2019年4月24日正式退出
139,贵州,湄潭县,107.4615739,27.75205842,区县,2018年9月21日正式退出
140,贵州,纳雍县,105.3795383,26.78093722,区县,2020年11月22日正式退出
141,贵州,盘州市,104.4696247,25.71287138,区县,2019年4月24日正式退出
142,贵州,平坝区,106.0926793,25.15940547,村庄,2018年9月21日正式退出
143,贵州,平塘县,107.3187523,25.82540878,区县,2020年3月3日正式退出
144,贵州,普安县,104.9503893,25.78742161,区县,2020年3月3日正式退出
145,贵州,普定县,105.7385363,26.30551968,区县,2019年4月24日正式退出
146,贵州,七星关区,104.9035338,25.09100897,城市,2020年3月3日正式退出
147,贵州,黔西县,106.0283217,27.01196815,区县,2018年9月21日正式退出
148,贵州,晴隆县,105.2173097,25.837717,地产小区,2020年11月22日正式退出
149,贵州,榕江县,108.5169937,25.93511632,区县,2020年11月22日正式退出
150,贵州,三都县,107.8659914,25.98656065,区县,2020年3月3日正式退出
151,贵州,三穗县,104.9035338,25.09100897,城市,2019年4月24日正式退出
152,贵州,施秉县,104.9035338,25.09100897,城市,2019年4月24日正式退出
153,贵州,石阡县,108.2198036,27.51682254,区县,2019年4月24日正式退出
154,贵州,水城县,104.9553386,26.55152952,区县,2020年3月3日正式退出
155,贵州,思南县,108.2487972,27.94167668,区县,2020年3月3日正式退出
156,贵州,松桃县,109.1984104,28.15745639,区县,2020年3月3日正式退出
157,贵州,台江县,119.3091714,26.05565806,区县,2020年3月3日正式退出
158,贵州,天柱县,109.2034974,26.91291731,区县,2020年3月3日正式退出
159,贵州,桐梓县,106.8221371,28.13691353,区县,2018年9月21日正式退出
160,贵州,万山特区,104.9035338,25.09100897,城市,2018年9月21日正式退出
161,贵州,望谟县,106.0963024,25.18091936,区县,2020年11月22日正式退出
162,贵州,威宁县,104.2507819,26.87671227,区县,2020年11月22日正式退出
163,贵州,瓮安县,107.4666291,27.08174079,区县,2018年9月21日正式退出
164,贵州,务川县,104.9035338,25.09100897,城市,2019年4月24日正式退出
165,贵州,西秀区,105.9625847,26.24868284,区县,2018年9月21日正式退出
166,贵州,习水县,106.1932659,28.33618181,区县,2018年9月21日正式退出
167,贵州,兴仁县,105.1829214,25.43806904,区县,2018年9月21日正式退出
168,贵州,沿河县,108.4997807,28.56734864,区县,2020年11月22日正式退出
169,贵州,印江县,108.4056019,27.99730227,区县,2019年4月24日正式退出
170,贵州,玉屏侗族自治县,108.909894,27.24634733,区县,2018年9月21日正式退出
171,贵州,贞丰县,105.6461678,25.38877478,生活服务,2020年3月3日正式退出
172,贵州,镇宁县,107.9233599,35.50273281,区县,2019年4月24日正式退出
173,贵州,镇远县,108.4256795,27.05235422,区县,2019年4月24日正式退出
174,贵州,正安县,107.4494928,28.55662937,区县,2020年3月3日正式退出
175,贵州,织金县,104.9035338,25.09100897,城市,2020年3月3日正式退出
176,贵州,紫云县,106.0802805,25.75398014,区县,2020年11月22日正式退出
177,海南,白沙县,109.4467103,19.2266908,城市,2020年2月28日正式退出
178,海南,保亭县,109.6928797,18.6424946,城市,2019年4月27日正式退出
179,海南,临高县,109.6868288,19.91531063,城市,2020年2月28日正式退出
180,海南,琼中县,109.8339232,19.03513734,城市,2019年4月27日正式退出
181,海南,五指山市,109.5129054,18.77699571,城市,2020年2月28日正式退出
182,河北,承德县,118.1675526,40.76667091,区县,2019年5月5日正式退出
183,河北,赤城县,115.8257938,40.91129991,区县,2020年2月29日正式退出
184,河北,崇礼区,115.2765204,40.97293817,区县,2019年5月5日正式退出
185,河北,大名县,115.1419629,36.28540848,区县,2019年5月5日正式退出
186,河北,丰宁县,116.6399796,41.20727541,区县,2020年2月29日正式退出
187,河北,阜城县,116.1700819,37.86167836,区县,2018年9月28日正式退出
188,河北,阜平县,114.1886295,38.84878936,区县,2020年2月29日正式退出
189,河北,沽源县,115.682582,41.66769989,区县,2020年2月29日正式退出
190,河北,广宗县,115.1368654,37.07414647,区县,2019年5月5日正式退出
191,河北,海兴县,117.4917701,38.14248637,区县,2017年11月1日正式退出
192,河北,怀安县,114.379356,40.67273698,区县,2020年2月29日正式退出
193,河北,巨鹿县,115.0309226,37.22059644,区县,2019年5月5日正式退出
194,河北,康保县,114.5937601,41.8504375,区县,2020年2月29日正式退出
195,河北,涞水县,115.707835,39.39332498,区县,2019年5月5日正式退出
196,河北,涞源县,114.6879149,39.35919255,区县,2020年2月29日正式退出
197,河北,临城县,114.4930295,37.4439116,区县,2019年5月5日正式退出
198,河北,灵寿县,114.3766581,38.30770219,区县,2019年5月5日正式退出
199,河北,隆化县,117.7323924,41.31173708,区县,2020年2月29日正式退出
200,河北,滦平县,117.3263171,40.93973529,区县,2019年5月5日正式退出
201,河北,南皮县,116.7031985,38.03881917,区县,2017年11月1日正式退出
202,河北,平泉市,118.694832,41.01588231,区县,2018年9月28日正式退出
203,河北,平山县,113.972669,38.26524845,区县,2018年9月28日正式退出
204,河北,平乡县,115.0239644,37.06281499,区县,2018年9月28日正式退出
205,河北,青龙县,118.9440058,40.40558501,区县,2018年9月28日正式退出
206,河北,曲阳县,114.7389363,38.62163087,区县,2019年5月5日正式退出
207,河北,饶阳县,115.7199627,38.23465648,区县,2018年9月28日正式退出
208,河北,尚义县,113.9626247,41.07461475,区县,2020年2月29日正式退出
209,河北,顺平县,115.1286416,38.83667083,区县,2019年5月5日正式退出
210,河北,唐县,114.9769528,38.74722609,区县,2019年5月5日正式退出
211,河北,万全区,114.7346718,40.76554212,区县,2019年5月5日正式退出
212,河北,望都县,115.1486966,38.69356918,区县,2017年11月1日宣布退出贫困县
213,河北,威县,115.2610311,36.97545314,区县,2018年9月28日正式退出
214,河北,围场县,117.7533089,41.93638283,区县,2020年2月29日正式退出
215,河北,蔚县,114.5830106,39.83980944,区县,2020年2月29日正式退出
216,河北,魏县,114.9333591,36.36008238,区县,2018年9月28日正式退出
217,河北,武强县,115.9771516,38.04055587,区县,2019年5月5日正式退出
218,河北,武邑县,115.8822977,37.80124318,区县,2018年9月28日正式退出
219,河北,新河县,115.2359764,37.52807962,区县,2019年5月5日正式退出
220,河北,行唐县,114.5471138,38.43801283,区县,2019年5月5日正式退出
221,河北,宣化区,115.0923869,40.60685703,区县,2019年5月5日正式退出
222,河北,盐山县,117.2248582,38.05727658,区县,2018年9月28日正式退出
223,河北,阳原县,114.1443309,40.10229064,区县,2020年2月29日正式退出
224,河北,易县,115.490744,39.34831712,区县,2018年9月28日正式退出
225,河北,赞皇县,114.3797335,37.664705,区县,2019年5月5日正式退出
226,河北,张北县,114.7136396,41.15683618,区县,2020年2月29日正式退出
227,河南,郸城县,115.1712978,33.6461099,区县,2019年5月9日正式退出
228,河南,范县,115.4981751,35.8520604,区县,2020年2月28日正式退出
229,河南,封丘县,114.4130421,35.04170154,区县,2019年5月9日正式退出
230,河南,固始县,115.6487079,32.17033526,区县,2019年5月9日正式退出
231,河南,光山县,114.9138115,32.01236426,区县,2019年5月9日正式退出
232,河南,滑县,114.5133109,35.57544721,区县,2017年11月1日正式退出
233,河南,淮滨县,115.414281,32.47523987,区县,2020年2月28日正式退出
234,河南,淮阳县,114.8806608,33.73325297,区县,2019年5月9日正式退出
235,河南,潢川县,115.0464026,32.13347248,区县,2019年5月9日正式退出
236,河南,兰考县,114.8154439,34.8232949,区县,2017年3月27日正式退出
237,河南,卢氏县,111.0421118,34.05553495,区县,2020年2月28日正式退出
238,河南,鲁山县,112.902107,33.74028927,区县,2020年2月28日正式退出
239,河南,栾川县,111.6101357,33.78729173,区县,2019年5月9日正式退出
240,河南,洛宁县,111.6470088,34.39075848,区县,2019年5月9日正式退出
241,河南,民权县,115.1421381,34.64774135,区县,2019年5月9日正式退出
242,河南,内乡县,111.8431375,33.04692264,区县,2019年5月9日正式退出
243,河南,南召县,112.4228141,33.491335,区县,2020年2月28日正式退出
244,河南,宁陵县,115.3082182,34.46145349,区县,2019年5月9日正式退出
245,河南,平舆县,114.6137318,32.96387713,区县,2020年2月28日正式退出
246,河南,确山县,114.0201271,32.80403733,区县,2020年2月28日正式退出
247,河南,汝阳县,112.4668537,34.15523384,区县,2020年2月28日正式退出
248,河南,商城县,115.4013367,31.80024825,区县,2019年5月9日正式退出
249,河南,商水县,114.6066834,33.54432256,区县,2019年5月9日正式退出
250,河南,上蔡县,114.258344,33.26409676,区县,2020年2月28日正式退出
251,河南,社旗县,112.9421053,33.05820267,区县,2020年2月28日正式退出
252,河南,沈丘县,115.0932161,33.41091296,区县,2018年8月17日正式退出
253,河南,嵩县,112.079691,34.13564298,区县,2020年2月28日正式退出
254,河南,睢县,115.0661346,34.44636534,区县,2019年5月9日正式退出
255,河南,台前县,115.8664704,35.96947575,区县,2020年2月28日正式退出
256,河南,太康县,114.8325552,34.0652088,区县,2019年5月9日正式退出
257,河南,桐柏县,113.4217283,32.3810879,区县,2020年2月28日正式退出
258,河南,淅川县,111.4849945,33.13970347,区县,2020年2月28日正式退出
259,河南,新蔡县,114.9805714,32.75126822,区县,2018年8月17日正式退出
260,河南,新县,114.8738437,31.64609994,区县,2018年8月17日正式退出
261,河南,宜阳县,112.1667737,34.5361333,区县,2019年5月9日正式退出
262,河南,虞城县,115.8225215,34.40064242,区县,2019年5月9日正式退出
263,河南,柘城县,115.3002731,34.09242775,区县,2019年5月9日正式退出
264,河南,镇平县,126.0242727,47.96575563,乡镇,2019年5月9日正式退出
265,黑龙江,拜泉县,126.0920422,47.59320103,区县,2020年2月26日正式退出
266,黑龙江,抚远市,134.3002785,48.362489,区县,2018年8月17日正式退出
267,黑龙江,富裕县,124.4671169,47.77197934,区县,2018年8月17日正式退出
268,黑龙江,甘南县,123.4991059,47.91864265,区县,2018年8月17日正式退出
269,黑龙江,海伦市,126.9236728,47.44873835,区县,2020年2月26日正式退出
270,黑龙江,桦川县,130.7112229,47.0207487,区县,2019年5月5日正式退出
271,黑龙江,桦南县,130.5466149,46.23677475,区县,2019年5月5日正式退出
272,黑龙江,克东县,126.2423338,48.03968479,区县,2019年5月5日正式退出
273,黑龙江,兰西县,126.2816315,46.25043029,区县,2019年5月5日正式退出
274,黑龙江,林甸县,124.8564504,47.1695796,区县,2020年2月26日正式退出
275,黑龙江,龙江县,123.1983107,47.33547169,区县,2019年5月5日正式退出
276,黑龙江,明水县,125.8995182,47.17137807,区县,2019年5月5日正式退出
277,黑龙江,青冈县,126.0872026,46.70243191,区县,2020年2月26日正式退出
278,黑龙江,饶河县,134.006533,46.79580832,区县,2018年8月17日正式退出
279,黑龙江,绥滨县,131.8452759,47.28691121,区县,2019年5月5日正式退出
280,黑龙江,泰来县,123.4101272,46.39017044,区县,2019年5月5日正式退出
281,黑龙江,汤原县,129.8975384,46.72778052,区县,2019年5月5日正式退出
282,黑龙江,同江市,132.5034909,47.63953006,区县,2019年5月5日正式退出
283,黑龙江,望奎县,126.479578,46.83070762,区县,2018年8月17日正式退出
284,黑龙江,延寿县,128.3253868,45.44970891,区县,2020年2月26日正式退出
285,湖北,巴东县,110.3358934,31.04456444,区县,2020年4月21日正式退出
286,湖北,保康县,111.2552813,31.87980948,区县,2019年4月29日正式退出
287,湖北,长阳县,111.20141,30.47521266,区县,2020年4月21日正式退出
288,湖北,大悟县,114.1212141,31.56277023,区县,2020年4月21日正式退出
289,湖北,丹江口市,111.5071203,32.54250507,区县,2019年4月29日正式退出
290,湖北,恩施市,109.4751035,30.29774399,区县,2020年4月21日正式退出
291,湖北,房县,110.7357308,32.05766415,区县,2020年4月21日正式退出
292,湖北,鹤峰县,110.0290386,29.89230824,区县,2019年4月29日正式退出
293,湖北,红安县,114.6128799,31.29037207,区县,2018年8月17日正式退出
294,湖北,建始县,109.7171165,30.60463993,区县,2020年4月21日正式退出
295,湖北,来凤县,109.4020471,29.496015,区县,2019年4月29日正式退出
296,湖北,利川市,108.9316572,30.29387059,区县,2020年4月21日正式退出
297,湖北,罗田县,115.3934286,30.78527156,区县,2019年4月29日正式退出
298,湖北,麻城市,115.0046245,31.17341428,区县,2020年4月21日正式退出
299,湖北,蕲春县,115.4305082,30.22856515,区县,2020年4月21日正式退出
300,湖北,神农架林区,110.6709066,31.74678491,城市,2018年8月17日正式退出
301,湖北,团风县,114.8669212,30.64600033,区县,2019年4月29日正式退出
302,湖北,五峰县,111.0404679,30.16786332,区县,2020年4月21日正式退出
303,湖北,咸丰县,109.1352159,29.66789506,区县,2020年4月21日正式退出
304,湖北,孝昌县,113.9923462,31.26032448,区县,2020年4月21日正式退出
305,湖北,宣恩县,109.4861604,29.98948449,区县,2019年4月29日正式退出
306,湖北,阳新县,115.209712,29.83281452,区县,2019年4月29日正式退出
307,湖北,英山县,115.6757833,30.73745523,区县,2019年4月29日正式退出
308,湖北,郧西县,110.4206391,32.99487749,区县,2020年4月21日正式退出
309,湖北,郧阳区,110.8066774,32.83701162,区县,2020年4月21日正式退出
310,湖北,竹山县,110.2239487,32.22679299,区县,2020年4月21日正式退出
311,湖北,竹溪县,109.7099911,32.32044111,区县,2020年4月21日正式退出
312,湖北,秭归县,110.9726967,30.82826417,区县,2019年4月29日正式退出
313,湖南,安化县,111.2075843,28.37733653,区县,2019年4月20日正式退出
314,湖南,安仁县,113.263409,26.71282644,区县,2019年3月18日正式退出
315,湖南,保靖县,109.6553779,28.70316769,区县,2020年2月29日正式退出
316,湖南,茶陵县,113.5335627,26.78093364,区县,2018年8月17日正式退出
317,湖南,辰溪县,110.1792007,28.00979399,区县,2019年4月20日正式退出
318,湖南,城步县,110.3172772,26.39372662,区县,2020年2月29日正式退出
319,湖南,慈利县,111.1334166,29.43235426,区县,2019年4月20日正式退出
320,湖南,洞口县,110.571418,27.06387008,区县,2020年2月29日正式退出
321,湖南,凤凰县,109.5945166,27.95154872,区县,2020年2月29日正式退出
322,湖南,古丈县,109.9463916,28.62052593,区县,2020年2月29日正式退出
323,湖南,桂东县,113.9398818,26.08084107,区县,2018年8月17日正式退出
324,湖南,花垣县,109.4772347,28.57536818,区县,2020年2月29日正式退出
325,湖南,会同县,109.7303666,26.89115273,区县,2019年4月20日正式退出
326,湖南,江华县,111.5738454,25.18823008,区县,2019年4月20日正式退出
327,湖南,靖州县,109.6914415,26.57861446,区县,2019年4月20日正式退出
328,湖南,涟源市,111.6585716,27.69590888,区县,2020年2月29日正式退出
329,湖南,龙山县,109.4390796,29.46036918,区县,2020年2月29日正式退出
330,湖南,隆回县,111.0277526,27.1172806,区县,2020年2月29日正式退出
331,湖南,泸溪县,110.2152445,28.21956928,区县,2020年2月29日正式退出
332,湖南,麻阳县,109.7983477,27.86899478,区县,2020年2月29日正式退出
333,湖南,平江县,113.575503,28.70527829,区县,2019年3月18日正式退出
334,湖南,汝城县,113.6796705,25.5532572,区县,2019年3月18日正式退出
335,湖南,桑植县,110.1590587,29.4022265,区县,2020年2月29日正式退出
336,湖南,邵阳县,111.2686592,26.99399582,区县,2020年2月29日正式退出
337,湖南,石门县,111.3742003,29.5866623,区县,2018年8月17日正式退出
338,湖南,绥宁县,110.1512413,26.58543711,区县,2019年4月20日正式退出
339,湖南,通道县,109.7794296,26.16131466,区县,2020年2月29日正式退出
340,湖南,武冈市,110.6273922,26.73022299,区县,2019年4月20日正式退出
341,湖南,新化县,111.3224738,27.72991319,区县,2020年2月29日正式退出
342,湖南,新晃县,109.1704241,27.35595251,区县,2019年4月20日正式退出
343,湖南,新宁县,110.8522233,26.43716494,区县,2020年2月29日正式退出
344,湖南,新邵县,111.4524073,27.32420366,区县,2019年4月20日正式退出
345,湖南,新田县,112.1985954,25.90655829,区县,2020年2月29日正式退出
346,湖南,溆浦县,110.5903617,27.91172855,区县,2020年2月29日正式退出
347,湖南,炎陵县,113.7675847,26.49321309,区县,2018年8月17日正式退出
348,湖南,宜章县,112.9437388,25.40268868,区县,2019年3月18日正式退出
349,湖南,永顺县,109.8523802,28.98329018,区县,2020年2月29日正式退出
350,湖南,沅陵县,110.3890004,28.45586984,区县,2020年2月29日正式退出
351,湖南,芷江县,109.6804074,27.4465916,区县,2019年4月20日正式退出
352,湖南,中方县,109.9404846,27.44346335,区县,2018年8月17日正式退出
353,吉林,安图县,128.8927806,43.10934006,区县,2020年4月11日正式退出
354,吉林,大安市,124.2855638,45.50489129,区县,2020年4月11日正式退出
355,吉林,和龙市,129.0044576,42.54358733,区县,2019年4月28日正式退出
356,吉林,靖宇县,126.8073769,42.38645672,区县,2020年4月11日正式退出
357,吉林,龙井市,129.4188648,42.76328462,区县,2019年4月28日正式退出
358,吉林,通榆县,123.0816206,44.81086928,区县,2020年4月11日正式退出
359,吉林,汪清县,129.7639105,43.31020465,区县,2020年4月11日正式退出
360,吉林,镇赉县,123.1935583,45.84527941,区县,2019年4月28日正式退出
361,江西,安远县,115.3888828,25.1396341,区县,2019年4月28日正式退出
362,江西,赣县区,115.0070391,25.86370356,区县,2020年4月26日正式退出
363,江西,广昌县,116.3311189,26.84607492,区县,2018年8月17日正式退出
364,江西,横峰县,117.590966,28.41056107,区县,2018年8月17日正式退出
365,江西,会昌县,115.781161,25.60331035,区县,2019年4月28日正式退出
366,江西,吉安县,114.9032169,27.04283642,区县,2017年11月1日正式退出
367,江西,井冈山市,114.2838824,26.75139205,区县,2017年2月26日宣布退出
368,江西,乐安县,115.82613,27.43145263,区县,2019年4月28日正式退出
369,江西,莲花县,113.9567758,27.13104537,区县,2019年4月28日正式退出
370,江西,南康区,114.7601283,25.66422933,区县,2019年4月28日正式退出
371,江西,宁都县,116.0041352,26.47334797,区县,2020年4月26日正式退出
372,江西,鄱阳县,116.6990766,29.00877185,区县,2020年4月26日正式退出
373,江西,瑞金市,116.0221275,25.88836725,区县,2018年8月17日正式退出
374,江西,上饶县,117.9040482,28.45194454,区县,2018年8月17日正式退出
375,江西,上犹县,114.5472467,25.78793366,区县,2019年4月28日正式退出
376,江西,石城县,116.3411392,26.31648329,区县,2019年4月28日正式退出
377,江西,遂川县,114.5161163,26.31709396,区县,2019年4月28日正式退出
378,江西,万安县,114.7810919,26.46180776,区县,2018年8月17日正式退出
379,江西,兴国县,115.3578262,26.34127886,区县,2020年4月26日正式退出
380,江西,修水县,114.5419947,29.02857446,区县,2020年4月26日正式退出
381,江西,寻乌县,115.6422871,24.96647625,区县,2019年4月28日正式退出
382,江西,永新县,114.2378695,26.94858387,区县,2018年8月17日正式退出
383,江西,于都县,115.4098265,25.95471485,区县,2020年4月26日正式退出
384,江西,余干县,116.6901204,28.70541241,区县,2019年4月28日正式退出
385,内蒙古,阿尔山市,119.9374278,47.17551129,区县,2019年4月19日正式退出
386,内蒙古,阿鲁科尔沁旗,120.0596457,43.86993955,区县,2020年3月4日正式退出
387,内蒙古,敖汉旗,119.9151839,42.28873878,区县,2020年3月4日正式退出
388,内蒙古,巴林右旗,118.6575683,43.53170663,区县,2019年4月19日正式退出
389,内蒙古,巴林左旗,119.3730785,43.96790518,区县,2020年3月4日正式退出
390,内蒙古,察哈尔右翼后旗,113.1847916,41.43381896,区县,2019年4月19日正式退出
391,内蒙古,察哈尔右翼前旗,113.2079252,40.78414165,区县,2020年3月4日正式退出
392,内蒙古,察哈尔右翼中旗,112.629288,41.27583701,区县,2020年3月4日正式退出
393,内蒙古,鄂伦春自治旗,123.7185349,50.59015818,区县,2020年3月4日正式退出
394,内蒙古,化德县,114.0031002,41.90123855,区县,2020年3月4日正式退出
395,内蒙古,喀喇沁旗,118.6977019,41.92399285,区县,2019年4月19日正式退出
396,内蒙古,科尔沁右翼前旗,121.9521606,46.07505177,区县,2020年3月4日正式退出
397,内蒙古,科尔沁右翼中旗,121.470901,45.0585852,区县,2019年4月19日正式退出
398,内蒙古,科尔沁左翼后旗,122.3513599,42.93133328,区县,2019年4月19日正式退出
399,内蒙古,科尔沁左翼中旗,123.305723,44.12440521,区县,2020年3月4日正式退出
400,内蒙古,库伦旗,121.8054996,42.73271991,区县,2020年3月4日正式退出
401,内蒙古,林西县,118.0489976,43.6156904,区县,2018年8月17日正式退出
402,内蒙古,莫力达瓦达斡尔族自治旗,124.5120793,48.47568569,区县,2020年3月4日正式退出
403,内蒙古,奈曼旗,120.6525625,42.86406637,区县,2020年3月4日正式退出
404,内蒙古,宁城县,119.3374956,41.59234227,区县,2019年4月19日正式退出
405,内蒙古,商都县,113.571115,41.56009173,区县,2020年3月4日正式退出
406,内蒙古,四子王旗,111.6990355,41.53120578,区县,2020年3月4日正式退出
407,内蒙古,苏尼特右旗,112.6350692,42.7396343,区县,2019年4月19日正式退出
408,内蒙古,太仆寺旗,115.2773956,41.87431517,区县,2020年3月4日正式退出
409,内蒙古,突泉县,121.5882264,45.38008206,区县,2020年3月4日正式退出
410,内蒙古,翁牛特旗,118.9994454,42.93384585,区县,2020年3月4日正式退出
411,内蒙古,武川县,111.4439613,41.0946156,区县,2019年4月19日正式退出
412,内蒙古,兴和县,113.8272753,40.8721824,区县,2020年3月4日正式退出
413,内蒙古,扎赉特旗,122.8940063,46.72128452,区县,2019年4月19日正式退出
414,内蒙古,正镶白旗,115.0233012,42.28479403,区县,2020年3月4日正式退出
415,内蒙古,卓资县,112.5713777,40.89276552,区县,2020年3月4日正式退出
416,宁夏,海原县,105.6401246,36.56516661,区县,2020年3月5日正式退出
417,宁夏,泾源县,106.3266972,35.49839474,区县,2019年4月26日正式退出
418,宁夏,隆德县,106.1076445,35.62594006,区县,2019年4月26日正式退出
419,宁夏,彭阳县,106.6338285,35.8499723,区县,2019年4月26日正式退出
420,宁夏,同心县,105.9100332,36.98042604,区县,2020年3月5日正式退出
421,宁夏,西吉县,105.7249581,35.96401474,区县,2020年11月16日正式退出
422,宁夏,盐池县,107.4016996,37.78225244,区县,2018年9月29日正式退出
423,宁夏,原州区,106.283762,36.00356082,区县,2020年3月5日正式退出
424,青海,班玛县,100.7355668,32.93495166,区县,2020年4月21日正式退出
425,青海,称多县,97.10783572,33.36993764,区县,2019年5月15日正式退出
426,青海,达日县,99.65026515,33.75105922,区县,2020年4月21日正式退出
427,青海,大柴旦行委,118.7106065,31.99665987,商务大厦,2017年11月1日正式退出
428,青海,大通县,101.6841019,36.92683366,区县,2019年5月15日正式退出
429,青海,德令哈市,97.36011441,37.36903657,区县,2018年9月29日正式退出
430,青海,都兰县,98.0953736,36.30198576,区县,2017年11月1日正式退出
431,青海,甘德县,99.89979326,33.97115959,区县,2020年4月21日正式退出
432,青海,刚察县,100.1453896,37.32111229,区县,2018年9月29日正式退出
433,青海,格尔木市,94.92599174,36.40656671,区县,2018年9月29日正式退出
434,青海,共和县,100.056818,36.53220613,宾馆,2020年4月21日正式退出
435,青海,贵德县,101.4308654,36.04030675,区县,2020年4月21日正式退出
436,青海,贵南县,100.7454658,35.58714002,区县,2019年5月15日正式退出
437,青海,海晏县,100.9922767,36.89651715,区县,2019年5月15日正式退出
438,青海,河南蒙古族自治县,101.6143208,34.73571933,区县,2017年11月1日宣布退出
439,青海,互助土族自治县,101.95624,36.84423421,区县,2019年5月15日正式退出
440,青海,化隆县,102.2622104,36.0951384,区县,2020年4月21日正式退出
441,青海,湟源县,101.2541031,36.68253847,区县,2019年5月15日正式退出
442,青海,湟中县,101.5702399,36.50120112,区县,2019年5月15日正式退出
443,青海,尖扎县,102.029048,35.93849218,区县,2020年4月21日正式退出
444,青海,久治县,101.4801001,33.43066283,区县,2020年4月21日正式退出
445,青海,乐都区,102.3999789,36.48193926,区县,2020年4月21日正式退出
446,青海,冷湖行委,118.7106065,31.99665987,商务大厦,2017年11月1日正式退出
447,青海,玛多县,98.2088067,34.91608344,区县,2019年5月15日正式退出
448,青海,玛沁县,100.237657,34.47917448,区县,2020年4月21日正式退出
449,青海,茫崖行委,90.85558507,38.25000782,政府机构,2017年11月1日正式退出
450,青海,门源回族自治县,101.620208,37.37577466,区县,2019年5月15日正式退出
451,青海,民和县,102.8281742,36.31957506,区县,2020年4月21日正式退出
452,青海,囊谦县,96.48006154,32.20525329,区县,2020年4月21日正式退出
453,青海,平安区,102.1059326,36.50023833,区县,2018年9月29日正式退出
454,青海,祁连县,100.2515299,38.17686248,区县,2019年5月15日正式退出
455,青海,曲麻莱县,95.79636823,34.12814767,区县,2020年4月21日正式退出
456,青海,天峻县,99.02175187,37.30041574,区县,2018年9月29日正式退出
457,青海,同德县,100.5777778,35.25458324,区县,2017年11月1日正式退出
458,青海,同仁县,102.0171029,35.51610469,区县,2020年4月21日正式退出
459,青海,乌兰县,98.47958598,36.92976597,区县,2018年9月29日正式退出
460,青海,兴海县,99.98656377,35.58908911,区县,2019年5月15日正式退出
461,青海,循化县,102.4871854,35.85066277,区县,2018年9月29日正式退出
462,青海,玉树市,97.00835987,32.99594073,区县,2019年5月15日正式退出
463,青海,杂多县,95.2993801,32.89531479,区县,2020年4月21日正式退出
464,青海,泽库县,101.4649875,35.03712626,区县,2020年4月21日正式退出
465,青海,治多县,95.61252293,33.85385014,区县,2020年4月21日正式退出
466,山西,保德县,111.0794686,39.02142619,区县,2019年4月18日正式退出
467,山西,大宁县,110.7473094,36.46496863,区县,2020年2月27日正式退出
468,山西,代县,112.9534059,39.06615297,区县,2020年2月27日正式退出
469,山西,繁峙县,113.2581555,39.18805721,区县,2019年4月18日正式退出
470,山西,方山县,111.2376846,37.89407346,区县,2019年4月18日正式退出
471,山西,汾西县,111.55683,36.65291091,区县,2020年2月27日正式退出
472,山西,广灵县,114.2756204,39.7590213,区县,2020年2月27日正式退出
473,山西,和顺县,113.5636426,37.328646,区县,2019年4月18日正式退出
474,山西,河曲县,111.1314088,39.38335284,区县,2019年4月18日正式退出
475,山西,壶关县,113.2005018,36.11559606,区县,2020年2月27日正式退出
476,山西,浑源县,113.6922596,39.69220568,区县,2020年2月27日正式退出
477,山西,吉县,110.676498,36.09835659,区县,2018年8月17日正式退出
478,山西,静乐县,111.9326097,38.35858902,区县,2020年2月27日正式退出
479,山西,岢岚县,111.5666084,38.70364094,区县,2019年4月18日正式退出
480,山西,岚县,111.6655378,38.27882867,区县,2019年4月18日正式退出
481,山西,临县,110.9859505,37.95031584,区县,2020年2月27日正式退出
482,山西,灵丘县,114.2286465,39.44141051,区县,2019年4月18日正式退出
483,山西,娄烦县,111.7904851,38.06683686,区县,2019年4月18日正式退出
484,山西,宁武县,112.3132978,39.01710533,区县,2020年2月27日正式退出
485,山西,偏关县,111.5013557,39.43520103,区县,2020年2月27日正式退出
486,山西,平陆县,111.2110137,34.83774424,区县,2019年4月18日正式退出
487,山西,平顺县,113.429331,36.19994466,区县,2020年2月27日正式退出
488,山西,神池县,112.2043404,39.08971358,区县,2019年4月18日正式退出
489,山西,石楼县,110.8293135,36.99843827,区县,2020年2月27日正式退出
490,山西,天镇县,114.0841722,40.41897515,区县,2020年2月27日正式退出
491,山西,五台县,113.2482206,38.72742316,区县,2020年2月27日正式退出
492,山西,五寨县,111.8405003,38.91008732,区县,2019年4月18日正式退出
493,山西,武乡县,112.8577633,36.83736237,区县,2019年4月18日正式退出
494,山西,隰县,110.9352961,36.6933926,区县,2019年4月18日正式退出
495,山西,兴县,111.1215144,38.46177751,区县,2020年2月27日正式退出
496,山西,阳高县,113.7421441,40.35988757,区县,2019年4月18日正式退出
497,山西,永和县,110.6265778,36.75956688,区县,2020年2月27日正式退出
498,山西,右玉县,112.4601557,39.9875727,区县,2018年8月17日正式退出
499,山西,云州区,113.6053428,40.03922018,区县,2019年4月18日正式退出
500,山西,中阳县,111.1727026,37.35653378,区县,2018年8月17日正式退出
501,山西,左权县,113.3722014,37.08174979,区县,2019年4月18日正式退出
502,陕西,白河县,110.1077061,32.8109924,区县,2020年2月27日正式退出
503,陕西,白水县,109.5859616,35.17810514,区县,2020年2月27日正式退出
504,陕西,长武县,107.7941931,35.2064676,区县,2019年5月7日正式退出
505,陕西,城固县,107.329229,33.15848322,区县,2020年2月27日正式退出
506,陕西,澄城县,109.9269114,35.19106518,区县,2019年5月7日正式退出
507,陕西,淳化县,108.5765141,34.79983142,区县,2019年5月7日正式退出
508,陕西,丹凤县,110.3217046,33.6972696,区县,2020年2月27日正式退出
509,陕西,定边县,107.5961423,37.59421315,区县,2018年9月29日正式退出
510,陕西,佛坪县,107.9863663,33.52609121,区县,2018年9月29日正式退出
511,陕西,扶风县,107.8954611,34.37688792,区县,2019年5月7日正式退出
512,陕西,富平县,109.1748683,34.75211139,区县,2019年5月7日正式退出
513,陕西,汉滨区,109.022142,32.69757091,区县,2020年2月27日正式退出
514,陕西,汉阴县,108.5044961,32.89517613,区县,2020年2月27日正式退出
515,陕西,合阳县,110.1435379,35.23801328,区县,2019年5月7日正式退出
516,陕西,横山区,109.2885485,37.96189511,区县,2018年9月29日正式退出
517,陕西,佳县,110.4853007,38.0189898,区县,2020年2月27日正式退出
518,陕西,岚皋县,108.8975642,32.30961556,区县,2020年2月27日正式退出
519,陕西,麟游县,107.7882252,34.67901798,区县,2019年5月7日正式退出
520,陕西,留坝县,106.9168105,33.61932232,区县,2019年5月7日正式退出
521,陕西,陇县,106.8597371,34.89423926,区县,2019年5月7日正式退出
522,陕西,略阳县,106.1528754,33.32907477,区县,2020年2月27日正式退出
523,陕西,洛南县,110.1426415,34.09213407,区县,2020年2月27日正式退出
524,陕西,米脂县,110.1783651,37.75460431,区县,2019年5月7日正式退出
525,陕西,勉县,106.6689272,33.15549411,区县,2020年2月27日正式退出
526,陕西,南郑区,106.9318219,33.00156268,区县,2020年2月27日正式退出
527,陕西,宁强县,106.2540287,32.83182448,区县,2020年2月27日正式退出
528,陕西,宁陕县,108.3093531,33.31250189,区县,2020年2月27日正式退出
529,陕西,平利县,109.3568774,32.39107036,区县,2020年2月27日正式退出
530,陕西,蒲城县,109.5809799,34.95624639,区县,2019年5月7日正式退出
531,陕西,千阳县,107.1281631,34.64356871,区县,2019年5月7日正式退出
532,陕西,清涧县,110.1153105,37.08840977,区县,2020年2月27日正式退出
533,陕西,山阳县,109.8770684,33.53390351,区县,2020年2月27日正式退出
534,陕西,商南县,110.8766869,33.5329875,区县,2020年2月27日正式退出
535,陕西,商州区,109.9360109,33.86437655,区县,2020年2月27日正式退出
536,陕西,石泉县,108.2434444,33.04025464,区县,2020年2月27日正式退出
537,陕西,绥德县,110.257465,37.50208584,区县,2019年5月7日正式退出
538,陕西,太白县,107.3141986,34.0598527,区县,2019年5月7日正式退出
539,陕西,吴堡县,110.7342204,37.45149314,区县,2019年5月7日正式退出
540,陕西,西乡县,107.7623219,32.98510617,区县,2020年2月27日正式退出
541,陕西,旬阳县,109.3598335,32.83601418,区县,2020年2月27日正式退出
542,陕西,旬邑县,108.3291635,35.11250957,区县,2019年5月7日正式退出
543,陕西,延长县,110.0065344,36.5791911,区县,2018年9月29日正式退出
544,陕西,延川县,110.1884755,36.87787818,区县,2019年5月7日正式退出
545,陕西,洋县,107.5414377,33.2247651,区县,2020年2月27日正式退出
546,陕西,耀州区,108.9751569,34.91078421,区县,2020年2月27日正式退出
547,陕西,宜川县,110.1635035,36.05010105,区县,2019年5月7日正式退出
548,陕西,宜君县,109.1117319,35.39894204,区县,2019年5月7日正式退出
549,陕西,印台区,109.0947606,35.11521112,区县,2020年2月27日正式退出
550,陕西,永寿县,108.1371091,34.69291737,区县,2019年5月7日正式退出
551,陕西,镇安县,109.1479396,33.42486201,区县,2019年5月7日正式退出
552,陕西,镇巴县,107.8905978,32.5390085,区县,2020年2月27日正式退出
553,陕西,镇坪县,109.5221277,31.88591994,区县,2019年5月7日正式退出
554,陕西,周至县,108.2173331,34.1646716,区县,2019年5月7日正式退出
555,陕西,子洲县,110.0303476,37.60997553,区县,2020年2月27日正式退出
556,陕西,紫阳县,108.5306058,32.52241908,区县,2020年2月27日正式退出
557,陕西,柞水县,109.1088827,33.68750526,区县,2020年2月27日正式退出
558,四川,阿坝县,101.7052266,32.90468513,区县,2020年2月18日正式退出
559,四川,巴塘县,99.10923304,30.00796985,区县,2020年2月18日正式退出
560,四川,巴州区,106.764849,31.85388409,区县,2018年8月17日正式退出
561,四川,白玉县,98.82396839,31.21204995,区县,2020年2月18日正式退出
562,四川,北川羌族自治县,104.3523509,31.9593957,区县,2018年8月17日正式退出
563,四川,布拖县,102.8104665,27.70956926,区县,2020年11月16日正式退出
564,四川,苍溪县,105.9313589,31.73493195,区县,2020年2月18日正式退出
565,四川,朝天区,105.8863382,32.64640694,区县,2019年4月29日正式退出
566,四川,丹巴县,101.8885178,30.88118156,区县,2019年4月29日正式退出
567,四川,道孚县,101.1231936,30.98168213,区县,2020年2月18日正式退出
568,四川,稻城县,100.2967718,29.04007944,区县,2019年4月29日正式退出
569,四川,得荣县,99.28540261,28.71634723,区县,2020年2月18日正式退出
570,四川,德格县,98.5805296,31.80886926,区县,2020年2月18日正式退出
571,四川,甘洛县,102.7703858,28.96226096,区县,2020年2月18日正式退出
572,四川,甘孜县,99.99146943,31.6252721,区县,2020年2月18日正式退出
573,四川,古蔺县,105.8091633,28.04220841,区县,2020年2月18日正式退出
574,四川,广安区,106.6381875,30.4766585,区县,2017年11月1日正式退出
575,四川,黑水县,102.9881517,32.06411497,区县,2020年2月18日正式退出
576,四川,红原县,102.5424785,32.79322778,区县,2019年4月29日正式退出
577,四川,嘉陵区,106.0680065,30.76093714,区县,2018年8月17日正式退出
578,四川,剑阁县,105.5214029,32.29005876,区县,2020年2月18日正式退出
579,四川,金川县,102.0621556,31.4783709,区县,2019年4月29日正式退出
580,四川,金阳县,103.2460917,27.69979937,区县,2020年11月16日正式退出
581,四川,九龙县,101.5053435,29.00335598,区县,2019年4月29日正式退出
582,四川,九寨沟县,104.2405066,33.25357482,区县,2019年4月29日正式退出
583,四川,康定市,101.9554957,30.00143256,区县,2019年4月29日正式退出
584,四川,阆中市,106.0011491,31.56044961,区县,2019年4月29日正式退出
585,四川,雷波县,103.5700885,28.26633631,区县,2020年2月18日正式退出
586,四川,理塘县,100.2677865,29.99702877,区县,2020年2月18日正式退出
587,四川,理县,103.1648865,31.4387189,区县,2018年8月17日正式退出
588,四川,泸定县,102.2334357,29.91680651,区县,2018年8月17日正式退出
589,四川,炉霍县,100.6747453,31.39405589,区县,2020年2月18日正式退出
590,四川,马边县,103.544027,28.83886324,区县,2020年2月18日正式退出
591,四川,马尔康市,102.2053272,31.90802528,区县,2018年8月17日正式退出
592,四川,茂县,103.8508392,31.68343687,区县,2018年8月17日正式退出
593,四川,美姑县,103.1299681,28.33160596,区县,2020年11月16日正式退出
594,四川,木里县,101.2783943,27.93174054,区县,2020年2月18日正式退出
595,四川,沐川县,103.8999936,28.96002543,区县,2018年8月17日正式退出
596,四川,南部县,106.0330517,31.34999886,区县,2017年11月1日正式退出
597,四川,南江县,106.8238739,32.34885896,区县,2019年4月29日正式退出
598,四川,平昌县,107.0993938,31.56246195,区县,2020年2月18日正式退出
599,四川,平武县,104.526479,32.41078397,区县,2019年4月29日正式退出
600,四川,屏山县,104.3435917,28.83167131,区县,2020年2月18日正式退出
601,四川,普格县,102.5386459,27.37982391,区县,2020年11月16日正式退出
602,四川,青川县,105.2355647,32.5775568,区县,2019年4月29日正式退出
603,四川,壤塘县,100.97751,32.26781332,区县,2020年2月18日正式退出
604,四川,若尔盖县,102.9661819,33.57991753,区县,2019年4月29日正式退出
605,四川,色达县,100.3316005,32.27035665,区县,2020年2月18日正式退出
606,四川,石渠县,98.10225075,32.98027491,区县,2020年2月18日正式退出
607,四川,松潘县,103.6019174,32.65844059,区县,2019年4月29日正式退出
608,四川,通江县,107.2404926,31.91398252,区县,2020年2月18日正式退出
609,四川,万源市,108.0303403,32.08361158,区县,2020年2月18日正式退出
610,四川,旺苍县,106.2860277,32.23133716,区县,2020年2月18日正式退出
611,四川,汶川县,103.5879717,31.47939292,区县,2018年8月17日正式退出
612,四川,喜德县,102.4113014,28.31029532,区县,2020年11月16日正式退出
613,四川,乡城县,99.79736823,28.93415004,区县,2019年4月29日正式退出
614,四川,小金县,102.3612387,30.99817101,区县,2019年4月29日正式退出
615,四川,新龙县,100.310689,30.94162369,区县,2020年2月18日正式退出
616,四川,叙永县,105.4411165,28.15917478,区县,2020年2月18日正式退出
617,四川,宣汉县,107.7224424,31.35598619,区县,2020年2月18日正式退出
618,四川,雅江县,101.0124399,30.03418455,区县,2020年2月18日正式退出
619,四川,盐源县,101.5074007,27.42534461,区县,2020年2月18日正式退出
620,四川,仪陇县,106.299063,31.27358121,区县,2018年8月17日正式退出
621,四川,越西县,102.506514,28.64319797,区县,2020年11月16日正式退出
622,四川,昭化区,105.9592504,32.32568371,区县,2019年4月29日正式退出
623,四川,昭觉县,102.8415034,28.01777661,区县,2020年11月16日正式退出
624,西藏,安多县,91.68126181,32.26756667,区县,2019年2月6日正式退出
625,西藏,昂仁县,87.23356053,29.29788874,区县,2019年2月6日正式退出
626,西藏,八宿县,96.91767178,30.05615965,区县,2019年12月23日正式退出
627,西藏,巴青县,94.05206415,31.92074183,区县,2019年12月23日正式退出
628,西藏,巴宜区,94.35983554,29.63849449,区县,2017年11月1日正式退出
629,西藏,白朗县,89.26004816,29.10890021,区县,2018年10月1日正式退出
630,西藏,班戈县,90.00841536,31.39489173,区县,2019年2月6日正式退出
631,西藏,比如县,93.67818413,31.48293091,区县,2018年10月1日正式退出
632,西藏,边坝县,94.70696699,30.93620046,区县,2019年2月6日正式退出
633,西藏,波密县,95.76669435,29.86160181,区县,2018年10月1日正式退出
634,西藏,察雅县,97.56841393,30.65643939,区县,2019年12月23日正式退出
635,西藏,察隅县,97.46625042,28.66472666,区县,2019年2月6日正式退出
636,西藏,城关区,91.12809971,29.65265442,购物,2017年11月1日正式退出
637,西藏,措美县,91.43199266,28.44142202,区县,2019年2月6日正式退出
638,西藏,措勤县,85.15701102,31.01933929,区县,2019年12月23日正式退出
639,西藏,错那县,91.9562285,27.99479402,区县,2018年10月1日正式退出
640,西藏,达孜县,91.3482893,29.67214335,区县,2018年10月1日正式退出
641,西藏,当雄县,91.09941358,30.47573841,区县,2018年10月1日正式退出
642,西藏,丁青县,95.59536804,31.41512172,区县,2018年10月1日正式退出
643,西藏,定结县,87.76333018,28.36774807,区县,2018年10月1日正式退出
644,西藏,定日县,87.12064636,28.66107705,区县,2019年2月6日正式退出
645,西藏,堆龙德庆区,91.00203758,29.64867752,区县,2018年10月1日正式退出
646,西藏,噶尔县,80.09408069,32.49388266,区县,2018年10月1日正式退出
647,西藏,改则县,84.0598885,32.30505599,区县,2019年12月23日正式退出
648,西藏,岗巴县,88.51785884,28.27820044,区县,2019年2月6日正式退出
649,西藏,革吉县,81.14260648,32.38981775,区县,2019年12月23日正式退出
650,西藏,工布江达县,93.24476457,29.88792806,区县,2018年10月1日正式退出
651,西藏,贡嘎县,90.98281145,29.29259546,区县,2019年2月6日正式退出
652,西藏,贡觉县,98.27051013,30.86225307,区县,2019年12月23日正式退出
653,西藏,吉隆县,85.29532022,28.85580694,区县,2018年10月1日正式退出
654,西藏,加查县,92.59315431,29.14361865,区县,2018年10月1日正式退出
655,西藏,嘉黎县,93.2310475,30.64353368,区县,2019年2月6日正式退出
656,西藏,江达县,98.21758589,31.50176413,区县,2019年2月6日正式退出
657,西藏,江孜县,89.60358659,28.91523312,区县,2019年12月23日正式退出
658,西藏,卡若区,97.17633807,31.13999682,金融,2017年11月1日正式退出
659,西藏,康马县,89.67972225,28.55924343,区县,2018年10月1日正式退出
660,西藏,拉孜县,87.63476021,29.08499684,区县,2019年12月23日正式退出
661,西藏,朗县,93.07346006,29.04912759,区县,2019年2月6日正式退出
662,西藏,浪卡子县,90.39641689,28.97121167,区县,2019年2月6日正式退出
663,西藏,类乌齐县,96.6001878,31.21407872,区县,2018年10月1日正式退出
664,西藏,林周县,91.26153076,29.89585142,区县,2018年10月1日正式退出
665,西藏,隆子县,92.46134294,28.41177277,区县,2019年2月6日正式退出
666,西藏,洛隆县,95.82401395,30.74414479,区县,2019年2月6日正式退出
667,西藏,洛扎县,90.85884706,28.38925275,区县,2018年10月1日正式退出
668,西藏,芒康县,98.59286578,29.68296501,区县,2019年12月23日正式退出
669,西藏,米林县,94.21243459,29.21773411,区县,2018年10月1日正式退出
670,西藏,墨脱县,95.33179488,29.32806762,区县,2019年2月6日正式退出
671,西藏,墨竹工卡县,91.72929358,29.83694564,金融,2018年10月1日正式退出
672,西藏,那曲市色尼区,92.0521171,31.47213542,区县,2019年12月23日正式退出
673,西藏,乃东县,91.7709874,29.23128944,区县,2017年11月1日正式退出
674,西藏,南木林县,89.09662072,29.68491869,区县,2019年12月23日正式退出
675,西藏,尼玛县,87.23439166,31.7871524,区县,2019年12月23日正式退出
676,西藏,尼木县,90.16281555,29.43456917,区县,2018年10月1日正式退出
677,西藏,聂拉木县,85.98013968,28.15882005,区县,2018年10月1日正式退出
678,西藏,聂荣县,92.30111731,32.11000815,区县,2019年2月6日正式退出
679,西藏,普兰县,81.1739975,30.29730282,区县,2019年2月6日正式退出
680,西藏,琼结县,91.68252264,29.02790735,区县,2018年10月1日正式退出
681,西藏,曲水县,90.74215045,29.35591218,区县,2018年10月1日正式退出
682,西藏,曲松县,92.20255066,29.06576201,区县,2018年10月1日正式退出
683,西藏,仁布县,89.84028569,29.23412249,区县,2019年2月6日正式退出
684,西藏,日土县,79.73039717,33.38360325,区县,2019年2月6日正式退出
685,西藏,萨嘎县,85.23106182,29.33179154,区县,2019年12月23日正式退出
686,西藏,萨迦县,88.01923193,28.90251408,区县,2019年12月23日正式退出
687,西藏,桑日县,92.01454949,29.26210915,区县,2018年10月1日正式退出
688,西藏,桑珠孜区,88.89447382,29.25278658,区县,2019年2月6日正式退出
689,西藏,申扎县,88.70776726,30.93308423,区县,2019年12月23日正式退出
690,西藏,双湖县,88.83469077,33.18987691,区县,2019年12月23日正式退出
691,西藏,索县,93.78433857,31.88910194,区县,2019年2月6日正式退出
692,西藏,谢通门县,88.25929016,29.43539771,区县,2019年12月23日正式退出
693,西藏,亚东县,88.90501289,27.4886349,区县,2017年11月1日正式退出
694,西藏,扎囊县,91.33572358,29.24796143,区县,2019年2月6日正式退出
695,西藏,札达县,79.80089625,31.48170348,区县,2019年2月6日正式退出
696,西藏,仲巴县,84.02910821,29.77286615,区县,2019年2月6日正式退出
697,西藏,左贡县,97.84051061,29.67391179,区县,2019年12月23日正式退出
698,新疆,阿合奇县,78.44364193,40.9361051,区县,2019年4月3日正式退出
699,新疆,阿克陶县,75.94447254,39.14773185,区县,2020年11月14日正式退出
700,新疆,阿图什市,76.16536297,39.71568748,区县,2020年1月24日正式退出
701,新疆,巴楚县,78.5471613,39.78476214,区县,2020年1月24日正式退出
702,新疆,巴里坤哈萨克自治县,93.01494377,43.59782438,区县,2017年11月1日宣布退出
703,新疆,策勒县,80.80440173,36.99857873,区县,2020年11月14日正式退出
704,新疆,察布查尔锡伯自治县,81.14836583,43.83938717,区县,2017年11月1日宣布退出
705,新疆,伽师县,76.72104541,39.48773442,区县,2020年11月14日正式退出
706,新疆,和田市,79.91188761,37.11244842,区县,2020年1月24日正式退出
707,新疆,和田县,79.91188761,37.11244842,区县,2020年1月24日正式退出
708,新疆,吉木乃县,85.87161817,47.44223884,区县,2018年9月26日宣布退出
709,新疆,喀什市,75.99083176,39.4674621,区县,2020年1月24日正式退出
710,新疆,柯坪县,79.04434247,40.50749468,区县,2020年1月24日正式退出
711,新疆,洛浦县,80.1867497,37.07372263,区县,2020年11月14日正式退出
712,新疆,麦盖提县,77.64986063,38.90512327,区县,2020年1月24日正式退出
713,新疆,民丰县,82.69364884,37.0642909,区县,2017年11月1日宣布退出
714,新疆,墨玉县,79.7267191,37.27728656,区县,2020年11月14日正式退出
715,新疆,尼勒克县,82.50850704,43.79756715,区县,2018年9月26日宣布退出
716,新疆,皮山县,78.28109281,37.62139897,区县,2020年11月14日正式退出
717,新疆,青河县,90.38073051,46.67296783,区县,2017年11月1日宣布退出
718,新疆,莎车县,77.24308798,38.41435801,区县,2020年11月14日正式退出
719,新疆,疏附县,75.85984319,39.37513417,区县,2020年1月24日正式退出
720,新疆,疏勒县,76.04696707,39.40033129,区县,2020年1月24日正式退出
721,新疆,塔什库尔干塔吉克自治县,75.22966911,37.77978842,政府机构,2020年1月24日正式退出
722,新疆,托里县,83.6034025,45.936138,区县,2017年11月1日宣布退出
723,新疆,乌恰县,75.25579254,39.71870587,区县,2019年4月3日正式退出
724,新疆,乌什县,79.222116,41.21379847,区县,2020年1月24日正式退出
725,新疆,叶城县,77.41069334,37.88288221,区县,2020年11月14日正式退出
726,新疆,英吉沙县,76.17260966,38.92952494,区县,2020年11月14日正式退出
727,新疆,于田县,81.67451823,36.85748639,区县,2020年11月14日正式退出
728,新疆,岳普湖县,76.77494903,39.23314182,区县,2020年1月24日正式退出
729,新疆,泽普县,77.25729231,38.18473633,区县,2019年4月3日正式退出
730,云南,宾川县,100.5710317,25.83233147,区县,2018年9月29日正式退出
731,云南,沧源县,99.2454804,23.14937686,区县,2019年4月30日正式退出
732,云南,昌宁县,99.6043583,24.83088253,区县,2019年4月30日正式退出
733,云南,大关县,103.8890385,27.75158068,区县,2020年5月16日正式退出
734,云南,大姚县,101.3223672,25.72480306,区县,2019年4月30日正式退出
735,云南,德钦县,98.91744801,28.46786948,区县,2019年4月30日正式退出
736,云南,东川区,103.1861178,26.08604754,区县,2019年4月30日正式退出
737,云南,洱源县,99.96180716,26.11726821,区县,2018年9月29日正式退出贫困县序列
738,云南,凤庆县,99.9276112,24.58367107,区县,2019年4月30日正式退出
739,云南,福贡县,98.86879852,26.9055251,区县,2020年11月13日正式退出
740,云南,富宁县,105.6278893,23.6282223,区县,2020年5月16日正式退出
741,云南,富源县,104.2528264,25.67723631,区县,2019年4月30日正式退出
742,云南,耿马县,99.39627382,23.54011337,区县,2019年4月30日正式退出
743,云南,贡山县,98.66556697,27.74456047,区县,2020年5月16日正式退出
744,云南,广南县,105.0520452,24.04915763,区县,2020年11月13日正式退出
745,云南,鹤庆县,100.1747901,26.56357547,区县,2018年9月29日正式退出贫困县序列
746,云南,红河县,102.41946,23.37131238,区县,2020年5月16日正式退出
747,云南,会泽县,103.2950614,26.42155447,区县,2020年11月13日正式退出
748,云南,剑川县,99.90458454,26.54054483,区县,2020年5月16日正式退出
749,云南,江城县,101.8607188,22.5886026,区县,2020年5月16日正式退出
750,云南,金平县,103.2242572,22.78238494,区县,2020年5月16日正式退出
751,云南,景东县,100.830867,24.44897606,区县,2020年5月16日正式退出
752,云南,景谷县,100.7018888,23.49982652,区县,2019年4月30日正式退出
753,云南,兰坪县,99.41549844,26.45686315,区县,2020年11月13日正式退出
754,云南,澜沧县,99.93124921,22.55892896,区县,2020年11月13日正式退出
755,云南,梁河县,98.2963769,24.80757268,区县,2020年5月16日正式退出
756,云南,临翔区,100.0807517,23.89769539,区县,2019年4月30日正式退出
757,云南,龙陵县,98.68885664,24.58987447,区县,2019年4月30日正式退出
758,云南,隆阳区,99.16458556,25.12396412,区县,2020年5月16日正式退出
759,云南,陇川县,97.79179016,24.18614739,区县,2019年4月30日正式退出
760,云南,泸水市,98.85770888,25.82622179,区县,2020年11月13日正式退出
761,云南,泸西县,103.7639806,24.53506976,区县,2019年4月30日正式退出
762,云南,鲁甸县,103.5561097,27.19039015,区县,2020年5月16日正式退出
763,云南,禄劝县,102.4694933,25.55431266,区县,2019年4月30日正式退出
764,云南,绿春县,102.3904649,22.99683513,区县,2020年5月16日正式退出
765,云南,罗平县,104.3067701,24.88739452,区县,2018年9月29日正式退出
766,云南,麻栗坡县,104.7006648,23.12868781,区县,2020年5月16日正式退出
767,云南,马关县,104.3916612,23.01531406,区县,2020年5月16日正式退出
768,云南,芒市,98.58784713,24.43687292,区县,2018年9月29日正式退出
769,云南,勐海县,100.4518313,21.95986917,区县,2018年9月29日正式退出
770,云南,勐腊县,101.5637095,21.46226429,区县,2019年4月30日正式退出
771,云南,孟连县,99.58371245,22.33222989,区县,2019年4月30日正式退出
772,云南,弥渡县,100.4898508,25.34653521,区县,2020年5月16日正式退出
773,云南,墨江县,101.6905547,23.43474316,区县,2020年5月16日正式退出
774,云南,牟定县,101.5455727,25.31587692,区县,2018年9月29日正式退出
775,云南,南华县,101.2724847,25.19523733,区县,2019年4月30日正式退出
776,云南,南涧县,100.507913,25.04669216,区县,2019年4月30日正式退出
777,云南,宁洱县,101.0445315,23.05097827,区县,2018年9月29日正式退出贫困县序列
778,云南,宁蒗县,100.8508229,27.28558479,区县,2020年11月13日正式退出
779,云南,屏边县,103.6851178,22.98658009,区县,2020年11月13日正式退出
780,云南,巧家县,102.9285319,26.91238553,区县,2020年5月16日正式退出
781,云南,丘北县,104.1648014,24.05340568,区县,2020年5月16日正式退出
782,云南,师宗县,103.982975,24.82530753,区县,2019年4月30日正式退出
783,云南,施甸县,99.18802419,24.72604677,区县,2020年5月16日正式退出
784,云南,石屏县,102.4946228,23.70848425,区县,2018年9月29日正式退出
785,云南,双柏县,101.6406136,24.69173779,区县,2019年4月30日正式退出
786,云南,双江县,99.82675349,23.47638968,区县,2019年4月30日正式退出
787,云南,绥江县,103.9559199,28.60189609,区县,2019年4月30日正式退出
788,云南,威信县,105.0458922,27.85007013,区县,2019年4月30日正式退出
789,云南,巍山县,100.3058537,25.23010089,区县,2018年9月29日正式退出贫困县序列
790,云南,维西县,102.7085626,25.04827591,省份,2020年5月16日正式退出
791,云南,文山市,104.229911,23.38886779,区县,2020年5月16日正式退出
792,云南,武定县,102.4023877,25.53310451,区县,2020年5月16日正式退出
793,云南,西畴县,104.6697422,23.44005904,区县,2019年4月30日正式退出
794,云南,西盟县,99.58940757,22.64753909,区县,2019年4月30日正式退出
795,云南,香格里拉市,99.69990889,27.83309991,区县,2019年4月30日正式退出
796,云南,祥云县,100.55001,25.48672779,区县,2018年9月29日正式退出
797,云南,宣威市,104.1026465,26.22310566,区县,2020年5月16日正式退出
798,云南,寻甸县,103.2551591,25.56119148,区县,2018年9月29日正式退出贫困县序列
799,云南,盐津县,104.2327352,28.11204723,区县,2020年5月16日正式退出
800,云南,砚山县,104.3347472,23.60835586,区县,2019年4月30日正式退出
801,云南,漾濞县,99.95702948,25.67319026,区县,2019年4月30日正式退出
802,云南,姚安县,101.2405,25.50688916,区县,2018年9月29日正式退出贫困县序列
803,云南,彝良县,104.045663,27.6286539,区县,2020年5月16日正式退出
804,云南,盈江县,97.93185748,24.70848545,区县,2019年4月30日正式退出
805,云南,永德县,99.25775271,24.0215313,区县,2020年5月16日正式退出
806,云南,永平县,99.53998994,25.46760884,区县,2019年4月30日正式退出
807,云南,永仁县,101.6645309,26.05290821,区县,2019年4月30日正式退出
808,云南,永善县,103.6360475,28.23251916,区县,2020年5月16日正式退出
809,云南,永胜县,100.7497416,26.68776575,区县,2020年5月16日正式退出
810,云南,玉龙县,100.2358755,26.82505861,区县,2018年9月29日正式退出
811,云南,元阳县,102.8336341,23.2227342,区县,2020年5月16日正式退出
812,云南,云龙县,99.36985599,25.88874447,区县,2020年5月16日正式退出
813,云南,云县,100.1217478,24.4398064,区县,2018年9月29日正式退出贫困县序列
814,云南,昭阳区,103.7049257,27.32354128,区县,2020年5月16日正式退出
815,云南,镇康县,98.82490512,23.76542772,区县,2019年4月30日正式退出
816,云南,镇雄县,104.8714555,27.44504938,区县,2020年11月13日正式退出
817,云南,镇沅县,101.1074097,24.0072295,区县,2019年4月30日正式退出
818,重庆,城口县,108.6606197,31.94997606,区县,2020年2月22日正式退出
819,重庆,丰都县,107.7265435,29.86604561,区县,2017年11月1日正式退出
820,重庆,奉节县,109.4590044,31.0207069,区县,2019年4月30日正式退出
821,重庆,开州区,108.3883852,31.16276461,区县,2018年8月17日正式退出
822,重庆,彭水县,108.1615706,29.29642295,区县,2020年2月22日正式退出
823,重庆,黔江区,108.7666279,29.53580072,区县,2017年11月1日正式退出
824,重庆,石柱县,108.1094224,30.00225125,区县,2019年4月30日正式退出
825,重庆,万州区,108.4044099,30.81016235,区县,2017年11月1日正式退出
826,重庆,巫山县,109.8742609,31.07714515,区县,2018年8月17日正式退出
827,重庆,巫溪县,109.5652581,31.40090246,区县,2020年2月22日正式退出
828,重庆,武隆区,107.755579,29.32851414,区县,2017年11月1日正式退出
829,重庆,秀山县,109.0025316,28.45105188,区县,2017年11月1日正式退出
830,重庆,酉阳县,108.7636725,28.8444728,区县,2020年2月22日正式退出
831,重庆,云阳县,108.6926109,30.93292167,区县,2018年8月17日正式退出
